time,pid,hook
1638783564.7351816,,reload
1638783564.893666,31955,init
1638783564.9334137,31956,init
1638783565.0361135,26618,pre
1638783565.0401256,26619,pre
1638783565.0403545,26612,pre
1638783565.0403929,31957,init
1638783565.0403666,26614,pre
1638783565.0440528,26616,pre
1638783565.040407,31958,init
1638783565.0401251,26615,pre
1638783565.0397816,26613,pre
1638783565.0485868,26621,pre
1638783565.0486007,26620,pre
1638783565.0487676,26617,pre
1638783565.1382847,31959,init
1638783565.181317,31960,init
1638783565.2003238,31971,init
1638783565.2178934,31972,init
1638783565.3103578,31973,init
1638783565.403746,31974,init
1638783567.041922,26618,post
1638783567.0485685,26612,post
1638783567.048529,26619,post
1638783567.048618,26614,post
1638783567.0486195,26618,pre
1638783567.0487444,26616,post
1638783567.0538445,26621,post
1638783567.0538025,26620,post
1638783567.0539696,26615,post
1638783567.0539696,26617,post
1638783567.0541344,26613,post
1638783567.0614696,26619,pre
1638783567.0615544,26617,pre
1638783567.0615575,26614,pre
1638783567.0675921,26615,pre
1638783567.070543,26620,pre
1638783567.0705824,26616,pre
1638783567.0706766,26613,pre
1638783567.0707,26612,pre
1638783567.0708382,26621,pre
1638783569.0506196,26618,post
1638783569.055817,26618,pre
1638783569.0737505,26615,post
1638783569.0738328,26621,post
1638783569.0738635,26616,post
1638783569.0738738,26612,post
1638783569.0738432,26613,post
1638783569.073976,26620,post
1638783569.077625,26619,post
1638783569.084679,26621,pre
1638783569.0844123,26614,post
1638783569.0845902,26615,pre
1638783569.0846968,26617,post
1638783569.0847094,26612,pre
1638783569.0881174,26613,pre
1638783569.0910103,26616,pre
1638783569.0911012,26619,pre
1638783569.0911076,26617,pre
1638783569.0969,26620,pre
1638783569.096936,26614,pre
1638783571.0573633,26618,post
1638783571.0629818,26618,pre
1638783571.0939298,26612,post
1638783571.0939624,26615,post
1638783571.0939682,26621,post
1638783571.098199,26612,pre
1638783571.0984254,26617,post
1638783571.098316,26621,pre
1638783571.0982845,26616,post
1638783571.0984128,26615,pre
1638783571.1019552,26613,post
1638783571.1022031,26620,post
1638783571.1056428,26619,post
1638783571.1059325,26617,pre
1638783571.1059358,26614,post
1638783571.1098082,26620,pre
1638783571.1099434,26614,pre
1638783571.1099503,26619,pre
1638783571.1100404,26616,pre
1638783571.1101258,26613,pre
1638783573.0652103,26618,post
1638783573.0716045,26618,pre
1638783573.1084826,26615,post
1638783573.1083674,26621,post
1638783573.1084979,26617,post
1638783573.1177075,26619,post
1638783573.1216524,26616,post
1638783573.1216657,26612,post
1638783573.121696,26613,post
1638783573.1218388,26621,pre
1638783573.12216,26615,pre
1638783573.1218572,26614,post
1638783573.1297352,26613,pre
1638783573.1298633,26616,pre
1638783573.129898,26619,pre
1638783573.1299305,26617,pre
1638783573.1177893,26620,post
1638783573.134055,26612,pre
1638783573.134147,26614,pre
1638783573.134166,26620,pre
1638783575.0739155,26618,post
1638783575.0807943,26618,pre
1638783575.1329195,26621,post
1638783575.1329238,26619,post
1638783575.13737,26615,post
1638783575.1374943,26620,post
1638783575.1417713,26617,post
1638783575.1417944,26613,post
1638783575.1373038,26616,post
1638783575.1456192,26612,post
1638783575.1457524,26621,pre
1638783575.1494753,26614,post
1638783575.1533637,26619,pre
1638783575.1533976,26615,pre
1638783575.1534889,26617,pre
1638783575.1536582,26616,pre
1638783575.1536748,26620,pre
1638783575.1537874,26612,pre
1638783575.157597,26613,pre
1638783575.1576316,26614,pre
1638783577.0831547,26618,post
1638783577.0902944,26618,pre
1638783577.1556153,26621,post
1638783577.160972,26612,post
1638783577.1609905,26617,post
1638783577.1607199,26620,post
1638783577.1611154,26614,post
1638783577.1611304,26619,post
1638783577.1655755,26616,post
1638783577.161117,26615,post
1638783577.1659358,26621,pre
1638783577.1659315,26613,post
1638783577.17384,26612,pre
1638783577.1738577,26620,pre
1638783577.173888,26614,pre
1638783577.173842,26616,pre
1638783577.1739123,26617,pre
1638783577.1777194,26619,pre
1638783577.1778593,26615,pre
1638783577.1779046,26613,pre
1638783579.093099,26618,post
1638783579.0992243,26618,pre
1638783579.1769588,26621,post
1638783579.1831436,26612,post
1638783579.183233,26621,pre
1638783579.1879845,26617,post
1638783579.1834595,26615,post
1638783579.1881375,26614,post
1638783579.188164,26613,post
1638783579.1882799,26620,post
1638783579.1883323,26619,post
1638783579.188596,26616,post
1638783579.1947658,26620,pre
1638783579.194774,26616,pre
1638783579.1947834,26614,pre
1638783579.1946394,26617,pre
1638783579.1948814,26613,pre
1638783579.1951246,26612,pre
1638783579.1953583,26615,pre
1638783579.1954541,26619,pre
1638783581.1010563,26618,post
1638783581.1085587,26618,pre
1638783581.19493,26621,post
1638783581.200718,26617,post
1638783581.2007368,26613,post
1638783581.201304,26621,pre
1638783581.201151,26620,post
1638783581.2011833,26614,post
1638783581.2060313,26612,post
1638783581.2060823,26615,post
1638783581.2060823,26619,post
1638783581.2061322,26616,post
1638783581.211075,26616,pre
1638783581.2111456,26620,pre
1638783581.2112837,26613,pre
1638783581.211426,26612,pre
1638783581.211454,26619,pre
1638783581.2114694,26617,pre
1638783581.2116485,26615,pre
1638783581.2157013,26614,pre
1638783583.111246,26618,post
1638783583.1181905,26618,pre
1638783583.2123432,26621,post
1638783583.2182875,26615,post
1638783583.2183862,26612,post
1638783583.2182665,26613,post
1638783583.2182696,26620,post
1638783583.2185924,26621,pre
1638783583.2183974,26617,post
1638783583.223369,26614,post
1638783583.2231195,26619,post
1638783583.2234488,26616,post
1638783583.228229,26620,pre
1638783583.228055,26613,pre
1638783583.2282975,26614,pre
1638783583.2326493,26612,pre
1638783583.2414596,26619,pre
1638783583.2414691,26615,pre
1638783583.2414753,26617,pre
1638783583.2415,26616,pre
1638783585.120747,26618,post
1638783585.1286073,26618,pre
1638783585.230471,26621,post
1638783585.2359731,26621,pre
1638783585.2362368,26620,post
1638783585.2417893,26620,pre
1638783585.2417994,26613,post
1638783585.247264,26619,post
1638783585.2472844,26615,post
1638783585.2477255,26612,post
1638783585.2477398,26614,post
1638783585.247953,26613,pre
1638783585.2480156,26616,post
1638783585.2477558,26617,post
1638783585.2537122,26619,pre
1638783585.253962,26615,pre
1638783585.2580955,26612,pre
1638783585.2540457,26614,pre
1638783585.2582273,26617,pre
1638783585.2582836,26616,pre
1638783587.1314135,26618,post
1638783587.1390808,26618,pre
1638783587.2430084,26621,post
1638783587.2489355,26621,pre
1638783587.2489421,26620,post
1638783587.25486,26620,pre
1638783587.2548797,26613,post
1638783587.259391,26613,pre
1638783587.264418,26614,post
1638783587.2644207,26617,post
1638783587.2645073,26619,post
1638783587.2645264,26612,post
1638783587.264678,26616,post
1638783587.2689993,26615,post
1638783587.2736628,26617,pre
1638783587.2736373,26616,pre
1638783587.2738767,26619,pre
1638783587.273765,26614,pre
1638783587.274075,26612,pre
1638783587.2782018,26615,pre
1638783589.1411722,26618,post
1638783589.1496618,26618,pre
1638783589.25748,26620,post
1638783589.257505,26621,post
1638783589.2634058,26620,pre
1638783589.2634108,26621,pre
1638783589.2634702,26613,post
1638783589.2817042,26619,post
1638783589.2818112,26616,post
1638783589.2817104,26615,post
1638783589.2819705,26617,post
1638783589.2819886,26614,post
1638783589.2819448,26612,post
1638783589.2821271,26613,pre
1638783589.2895904,26619,pre
1638783589.2943187,26612,pre
1638783589.2943187,26616,pre
1638783589.2945013,26614,pre
1638783589.2944775,26615,pre
1638783589.294762,26617,pre
1638783591.151967,26618,post
1638783591.159881,26618,pre
1638783591.270736,26620,post
1638783591.270753,26621,post
1638783591.2763932,26620,pre
1638783591.2766223,26621,pre
1638783591.2890637,26613,post
1638783591.2937362,26613,pre
1638783591.301096,26617,post
1638783591.3011658,26614,post
1638783591.3013067,26616,post
1638783591.3060615,26612,post
1638783591.3062525,26619,post
1638783591.3063521,26615,post
1638783591.3112934,26614,pre
1638783591.3114066,26616,pre
1638783591.311319,26617,pre
1638783591.3161457,26615,pre
1638783591.3161936,26619,pre
1638783591.3162048,26612,pre
1638783593.1616125,26618,post
1638783593.169606,26618,pre
1638783593.2845695,26620,post
1638783593.2845864,26621,post
1638783593.2908065,26620,pre
1638783593.2908566,26621,pre
1638783593.3001935,26613,post
1638783593.3057237,26613,pre
1638783593.3232088,26612,post
1638783593.3233433,26617,post
1638783593.327962,26615,post
1638783593.327946,26619,post
1638783593.328239,26616,post
1638783593.3281727,26614,post
1638783593.3378522,26612,pre
1638783593.3378406,26617,pre
1638783593.3380005,26615,pre
1638783593.338045,26616,pre
1638783593.342944,26614,pre
1638783593.3429625,26619,pre
1638783595.1725657,26618,post
1638783595.1809218,26618,pre
1638783595.2989695,26620,post
1638783595.2989857,26621,post
1638783595.3052592,26621,pre
1638783595.3129857,26613,post
1638783595.312991,26620,pre
1638783595.31819,26613,pre
1638783595.3500602,26617,post
1638783595.3501215,26612,post
1638783595.3503187,26615,post
1638783595.3502302,26616,post
1638783595.3503232,26619,post
1638783595.3558927,26612,pre
1638783595.3559,26614,post
1638783595.3561163,26617,pre
1638783595.3609123,26619,pre
1638783595.3609426,26616,pre
1638783595.3702667,26614,pre
1638783595.3702693,26615,pre
1638783597.1831923,26618,post
1638783597.192081,26618,pre
1638783597.3131866,26621,post
1638783597.3208852,26621,pre
1638783597.3209836,26620,post
1638783597.3210983,26613,post
1638783597.3271158,26620,pre
1638783597.3271286,26613,pre
1638783597.369008,26612,post
1638783597.3692372,26617,post
1638783597.3755302,26617,pre
1638783597.3755488,26616,post
1638783597.375652,26612,pre
1638783597.3808074,26615,post
1638783597.3809674,26614,post
1638783597.3810291,26619,post
1638783597.3859591,26616,pre
1638783597.385972,26615,pre
1638783597.3910112,26614,pre
1638783597.391016,26619,pre
1638783599.1940718,26618,post
1638783599.2029161,26618,pre
1638783599.3283129,26621,post
1638783599.3343403,26613,post
1638783599.3345616,26621,pre
1638783599.3345702,26620,post
1638783599.3406801,26613,pre
1638783599.3409002,26620,pre
1638783599.3889463,26617,post
1638783599.3889606,26612,post
1638783599.38917,26616,post
1638783599.3948324,26612,pre
1638783599.3948565,26617,pre
1638783599.3950677,26616,pre
1638783599.3951097,26614,post
1638783599.3949482,26619,post
1638783599.3953483,26615,post
1638783599.4015574,26615,pre
1638783599.4015641,26619,pre
1638783599.4015858,26614,pre
1638783601.2054338,26618,post
1638783601.2144804,26618,pre
1638783601.343649,26620,post
1638783601.343657,26613,post
1638783601.3436882,26621,post
1638783601.3505526,26621,pre
1638783601.3505723,26613,pre
1638783601.3505795,26620,pre
1638783601.403701,26612,post
1638783601.4040604,26617,post
1638783601.4102588,26619,post
1638783601.4104218,26614,post
1638783601.4104886,26616,post
1638783601.410429,26615,post
1638783601.4159596,26612,pre
1638783601.4210362,26614,pre
1638783601.4259205,26616,pre
1638783601.4259284,26615,pre
1638783601.4211662,26619,pre
1638783601.4310672,26617,pre
1638783603.2219164,26618,post
1638783603.2276957,26618,pre
1638783603.359723,26620,post
1638783603.359753,26621,post
1638783603.3597555,26613,post
1638783603.367185,26613,pre
1638783603.367214,26620,pre
1638783603.3672342,26621,pre
1638783603.4292533,26612,post
1638783603.429253,26614,post
1638783603.4364285,26617,post
1638783603.4365375,26614,pre
1638783603.436687,26619,post
1638783603.4367297,26612,pre
1638783603.4368486,26615,post
1638783603.4369848,26616,post
1638783603.443226,26617,pre
1638783603.443316,26615,pre
1638783603.4432373,26616,pre
1638783603.4434118,26619,pre
1638783605.2300687,26618,post
1638783605.2392058,26618,pre
1638783605.376262,26620,post
1638783605.3762717,26621,post
1638783605.376307,26613,post
1638783605.3832211,26620,pre
1638783605.3835795,26613,pre
1638783605.383594,26621,pre
1638783605.445466,26614,post
1638783605.4454684,26612,post
1638783605.4523847,26616,post
1638783605.4524074,26619,post
1638783605.452515,26617,post
1638783605.4526775,26615,post
1638783605.464219,26612,pre
1638783605.4697804,26614,pre
1638783605.4699078,26615,pre
1638783605.4643533,26616,pre
1638783605.4756823,26619,pre
1638783605.4756832,26617,pre
1638783607.242504,26618,post
1638783607.251632,26618,pre
1638783607.3923533,26613,post
1638783607.3924656,26621,post
1638783607.3925686,26620,post
1638783607.3994317,26621,pre
1638783607.3994422,26620,pre
1638783607.3994637,26613,pre
1638783607.478131,26612,post
1638783607.4780939,26614,post
1638783607.4781027,26615,post
1638783607.478237,26616,post
1638783607.4840233,26617,post
1638783607.4842238,26619,post
1638783607.4914403,26612,pre
1638783607.4914517,26614,pre
1638783607.4914768,26615,pre
1638783607.491507,26617,pre
1638783607.5026584,26616,pre
1638783607.5026772,26619,pre
1638783609.2541802,26618,post
1638783609.2620573,26618,pre
1638783609.4085367,26621,post
1638783609.4085453,26613,post
1638783609.4085531,26620,post
1638783609.41591,26621,pre
1638783609.415947,26613,pre
1638783609.4159505,26620,pre
1638783609.505753,26619,post
1638783609.5057774,26614,post
1638783609.5059257,26615,post
1638783609.5059505,26617,post
1638783609.506094,26616,post
1638783609.5061316,26612,post
1638783609.5128458,26619,pre
1638783609.5131004,26617,pre
1638783609.5190928,26612,pre
1638783609.5191252,26615,pre
1638783609.519075,26616,pre
1638783609.5193615,26614,pre
1638783611.2640927,26618,post
1638783611.2738822,26618,pre
1638783611.424584,26621,post
1638783611.4245844,26613,post
1638783611.4245985,26620,post
1638783611.4315596,26621,pre
1638783611.4315755,26613,pre
1638783611.43161,26620,pre
1638783611.5221663,26619,post
1638783611.522458,26617,post
1638783611.5292623,26615,post
1638783611.540285,26614,post
1638783611.5350468,26616,post
1638783611.5404558,26619,pre
1638783611.5404294,26612,post
1638783611.5567315,26615,pre
1638783611.5568461,26617,pre
1638783611.5569732,26616,pre
1638783611.557018,26614,pre
1638783611.562453,26612,pre
1638783613.2756674,26618,post
1638783613.2852314,26618,pre
1638783613.440466,26613,post
1638783613.4404771,26620,post
1638783613.4406703,26621,post
1638783613.4475646,26613,pre
1638783613.4478312,26620,pre
1638783613.4479506,26621,pre
1638783613.5599184,26619,post
1638783613.5601513,26615,post
1638783613.5675519,26619,pre
1638783613.5678728,26616,post
1638783613.5680327,26614,post
1638783613.5678415,26612,post
1638783613.5680056,26615,pre
1638783613.5744476,26612,pre
1638783613.5744748,26614,pre
1638783613.5744708,26617,post
1638783613.5747054,26616,pre
1638783613.5807614,26617,pre
1638783615.287046,26618,post
1638783615.457044,26613,post
1638783615.4570706,26621,post
1638783615.457082,26620,post
1638783615.5756845,26619,post
1638783615.581792,26615,post
1638783615.5817866,26612,post
1638783615.5818584,26614,post
1638783615.581869,26616,post
1638783615.589195,26617,post
1638783616.623649,31960,exit
1638783616.6236866,31971,exit
1638783616.6237974,31974,exit
1638783616.6238198,31972,exit
1638783616.6234243,31956,exit
1638783616.63535,31958,exit
1638783616.635453,31957,exit
1638783616.6354632,31959,exit
1638783616.623659,31955,exit
1638783616.635521,31973,exit
